{
  "6283834202329@s.whatsapp.net": [
    {
      "name": "Kokuwamon",
      "level": "Rookie",
      "img": "https://digimon.shadowsmith.com/img/kokuwamon.jpg"
    },
    {
      "name": "WaruMonzaemon",
      "level": "Ultimate",
      "img": "https://digimon.shadowsmith.com/img/warumonzaemon.jpg"
    },
    {
      "name": "Digitamamon",
      "level": "Ultimate",
      "img": "https://digimon.shadowsmith.com/img/digitamamon.jpg"
    }
  ],
  "6281241462583@s.whatsapp.net": [
    {
      "name": "Mamemon",
      "level": "Ultimate",
      "img": "https://digimon.shadowsmith.com/img/mamemon.jpg"
    },
    {
      "name": "Andromon",
      "level": "Ultimate",
      "img": "https://digimon.shadowsmith.com/img/andromon.jpg"
    },
    {
      "name": "Apocalymon",
      "level": "Mega",
      "img": "https://digimon.shadowsmith.com/img/apocalymon.jpg"
    },
    {
      "name": "ModokiBetamon",
      "level": "Champion",
      "img": "https://digimon.shadowsmith.com/img/modokibetamon.jpg"
    },
    {
      "name": "Imperialdramon",
      "level": "Mega",
      "img": "https://digimon.shadowsmith.com/img/imperialdramon.jpg"
    },
    {
      "name": "Andromon",
      "level": "Ultimate",
      "img": "https://digimon.shadowsmith.com/img/andromon.jpg"
    }
  ],
  "6281400730140@s.whatsapp.net": [
    {
      "name": "PlatinumSukamon",
      "level": "Champion",
      "img": "https://digimon.shadowsmith.com/img/platinumsukamon.jpg"
    },
    {
      "name": "Omnimon",
      "level": "Mega",
      "img": "https://digimon.shadowsmith.com/img/omnimon.jpg"
    }
  ]
}