{
  "6283834202329@s.whatsapp.net": [
    {
      "name": "Latias",
      "rarity": "Umum",
      "moves": "cut, fly, body-slam, take-down",
      "items": "Tidak ada item yang dipegang",
      "types": "dragon, psychic"
    },
    {
      "name": "Kabutops",
      "rarity": "Umum",
      "moves": "scratch, razor-wind, swords-dance, cut",
      "items": "Tidak ada item yang dipegang",
      "types": "rock, water"
    },
    {
      "name": "Aron",
      "rarity": "Umum",
      "moves": "cut, stomp, headbutt, tackle",
      "items": "hard-stone",
      "types": "steel, rock"
    },
    {
      "name": "Nickit",
      "rarity": "Umum",
      "moves": "tail-whip, dig, agility, quick-attack",
      "items": "Tidak ada item yang dipegang",
      "types": "dark"
    },
    {
      "name": "Aggron",
      "rarity": "Langka",
      "moves": "mega-punch, fire-punch, ice-punch, thunder-punch",
      "items": "hard-stone",
      "types": "steel, rock"
    },
    {
      "name": "Vileplume",
      "rarity": "Umum",
      "moves": "swords-dance, cut, headbutt, body-slam",
      "items": "absorb-bulb",
      "types": "grass, poison"
    },
    {
      "name": "Palpitoad",
      "rarity": "Umum",
      "moves": "growl, supersonic, acid, hydro-pump",
      "items": "pecha-berry, persim-berry",
      "types": "water, ground"
    }
  ],
  "6281241462583@s.whatsapp.net": [
    {
      "name": "Crawdaunt",
      "rarity": "Umum",
      "moves": "vice-grip, guillotine, swords-dance, cut",
      "items": "Tidak ada item yang dipegang",
      "types": "water, dark"
    },
    {
      "name": "Bonsly",
      "rarity": "Umum",
      "moves": "slam, headbutt, body-slam, take-down",
      "items": "Tidak ada item yang dipegang",
      "types": "rock"
    },
    {
      "name": "Joltik",
      "rarity": "Langka",
      "moves": "cut, poison-sting, pin-missile, disable",
      "items": "Tidak ada item yang dipegang",
      "types": "bug, electric"
    },
    {
      "name": "Weedle",
      "rarity": "Langka",
      "moves": "poison-sting, string-shot, bug-bite, electroweb",
      "items": "Tidak ada item yang dipegang",
      "types": "bug, poison"
    },
    {
      "name": "Ivysaur",
      "rarity": "Umum",
      "moves": "swords-dance, cut, bind, vine-whip",
      "items": "Tidak ada item yang dipegang",
      "types": "grass, poison"
    },
    {
      "name": "Slowking",
      "rarity": "Umum",
      "moves": "mega-punch, pay-day, fire-punch, ice-punch",
      "items": "kings-rock",
      "types": "water, psychic"
    },
    {
      "name": "Glaceon",
      "rarity": "Umum",
      "moves": "pay-day, sand-attack, headbutt, tackle",
      "items": "Tidak ada item yang dipegang",
      "types": "ice"
    },
    {
      "name": "Morgrem",
      "rarity": "Umum",
      "moves": "mega-punch, mega-kick, take-down, bite",
      "items": "Tidak ada item yang dipegang",
      "types": "dark, fairy"
    },
    {
      "name": "Walrein",
      "rarity": "Umum",
      "moves": "swords-dance, headbutt, body-slam, double-edge",
      "items": "Tidak ada item yang dipegang",
      "types": "ice, water"
    },
    {
      "name": "Ferrothorn",
      "rarity": "Umum",
      "moves": "swords-dance, cut, tackle, pin-missile",
      "items": "sticky-barb",
      "types": "grass, steel"
    },
    {
      "name": "Tropius",
      "rarity": "Umum",
      "moves": "razor-wind, swords-dance, cut, gust",
      "items": "Tidak ada item yang dipegang",
      "types": "grass, flying"
    },
    {
      "name": "Misdreavus",
      "rarity": "Umum",
      "moves": "headbutt, double-edge, growl, psybeam",
      "items": "spell-tag",
      "types": "ghost"
    },
    {
      "name": "Volcanion",
      "rarity": "Umum",
      "moves": "cut, stomp, body-slam, take-down",
      "items": "Tidak ada item yang dipegang",
      "types": "fire, water"
    },
    {
      "name": "Roselia",
      "rarity": "Langka",
      "moves": "swords-dance, cut, body-slam, double-edge",
      "items": "poison-barb, absorb-bulb",
      "types": "grass, poison"
    }
  ],
  "62895619447626@s.whatsapp.net": [
    {
      "name": "Persian",
      "rarity": "Umum",
      "moves": "pay-day, scratch, cut, headbutt",
      "items": "quick-claw",
      "types": "normal"
    }
  ],
  "6281400730140@s.whatsapp.net": [
    {
      "name": "Rockruff",
      "rarity": "Umum",
      "moves": "swords-dance, sand-attack, tackle, body-slam",
      "items": "Tidak ada item yang dipegang",
      "types": "rock"
    },
    {
      "name": "Misdreavus",
      "rarity": "Umum",
      "moves": "headbutt, double-edge, growl, psybeam",
      "items": "spell-tag",
      "types": "ghost"
    }
  ]
}